Workbook

Sheet 개요
A1: 《Le Comptoir de Marthe》 프랑스어 연속 대화문 기획서
A2: 파리 11구 가족 비스트로의 1년 반. 낭독 말하기 연습용 (한글 해석 + 어휘·문법·표현 분석 + 낭독 포인트).
A4: 항목 | B4: 내용
A5: 배경 | B5: 파리 11구 오베르캄프 인근의 독립 가족 비스트로 (홀·주방·시장·은행·법원·호텔·지방 생산자 농장 등)
A6: 분량 | B6: 총 5부 × 15화 = 75화
A7: 화당 길이 | B7: 120턴 (화자 발화 1회 = 1턴, 지문은 턴 수에 포함하지 않음)
A8: 총 분량 | B8: 9,000턴
A9: 턴 번호 | B9: 표기하지 않음 (Hélène : 처럼 화자 이름으로만 구분)
A10: 화자 수 | B10: 한 화 2~4명. 2인 대화 위주, 홀 장면은 3~4인
A11: 난이도 | B11: A2~C1 혼합 (3장 비율표)
A12: 한글 해석 | B12: 각 화 맨 마지막에 대화 순서대로 수록
A13: 낭독 용도 | B13: 각 화에 낭독 포인트(리에종·엘리종, r, u/ou, 비음, 억양, 호흡 구간)를 명시
A15: 집계 (아래 값은 "화별 개요" 시트에서 자동 계산)
A16: 총 화수 | B16: =COUNTA('화별 개요'!B2:B76) -> 75
A17: 화당 턴 수 | B17: 120
A18: 총 턴 수 | B18: =B16*B17 -> 9000
A19: 부 수 | B19: 5
A20: 부당 화수 | B20: 15
A21: ※ 화당 턴 수(파란색)는 입력값입니다. 바꾸면 총 턴 수가 자동 갱신됩니다.

Sheet 진행 현황
A1: 부 | B1: 전체 화수 | C1: 작성 완료(초고+검수) | D1: 진행률 | E1: 총 턴 수
A2: 1부 Mise en place (봄) | B2: =COUNTIF('화별 개요'!C2:C76,A2) -> 15 | C2: =COUNTIFS('화별 개요'!C2:C76,A2,'화별 개요'!H2:H76,"초고완료")+COUNTIFS('화별 개요'!C2:C76,A2,'화별 개요'!H2:H76,"검수완료") -> 0 | D2: =IF(B2=0,0,C2/B2) -> 0 | E2: =SUMIFS('화별 개요'!G2:G76,'화별 개요'!C2:C76,A2) -> 1800
A3: 2부 Premières fissures (여름) | B3: =COUNTIF('화별 개요'!C2:C76,A3) -> 15 | C3: =COUNTIFS('화별 개요'!C2:C76,A3,'화별 개요'!H2:H76,"초고완료")+COUNTIFS('화별 개요'!C2:C76,A3,'화별 개요'!H2:H76,"검수완료") -> 0 | D3: =IF(B3=0,0,C3/B3) -> 0 | E3: =SUMIFS('화별 개요'!G2:G76,'화별 개요'!C2:C76,A3) -> 1800
A4: 3부 Au bord du gouffre (가을) | B4: =COUNTIF('화별 개요'!C2:C76,A4) -> 15 | C4: =COUNTIFS('화별 개요'!C2:C76,A4,'화별 개요'!H2:H76,"초고완료")+COUNTIFS('화별 개요'!C2:C76,A4,'화별 개요'!H2:H76,"검수완료") -> 0 | D4: =IF(B4=0,0,C4/B4) -> 0 | E4: =SUMIFS('화별 개요'!G2:G76,'화별 개요'!C2:C76,A4) -> 1800
A5: 4부 La reconstruction (늦가을·겨울) | B5: =COUNTIF('화별 개요'!C2:C76,A5) -> 15 | C5: =COUNTIFS('화별 개요'!C2:C76,A5,'화별 개요'!H2:H76,"초고완료")+COUNTIFS('화별 개요'!C2:C76,A5,'화별 개요'!H2:H76,"검수완료") -> 0 | D5: =IF(B5=0,0,C5/B5) -> 0 | E5: =SUMIFS('화별 개요'!G2:G76,'화별 개요'!C2:C76,A5) -> 1800
A6: 5부 Le Comptoir de Marthe (이듬해 봄·여름) | B6: =COUNTIF('화별 개요'!C2:C76,A6) -> 15 | C6: =COUNTIFS('화별 개요'!C2:C76,A6,'화별 개요'!H2:H76,"초고완료")+COUNTIFS('화별 개요'!C2:C76,A6,'화별 개요'!H2:H76,"검수완료") -> 0 | D6: =IF(B6=0,0,C6/B6) -> 0 | E6: =SUMIFS('화별 개요'!G2:G76,'화별 개요'!C2:C76,A6) -> 1800
A7: 합계 | B7: =SUM(B2:B6) -> 75 | C7: =SUM(C2:C6) -> 0 | D7: =IF(B7=0,0,C7/B7) -> 0 | E7: =SUM(E2:E6) -> 9000
A9: '화별 개요' 시트의 작성 상태(H열)를 바꾸면 이 표가 자동 갱신됩니다.

Sheet 등장인물
A1: 이름 | B1: 나이/역할 | C1: 설명
A2: Hélène Marchand (엘렌 마르샹) | B2: 42세, 주인 겸 셰프 | C2: 미슐랭 레스토랑 부주방장 출신으로 3년 전 어머니의 식당을 이어받음. 완벽주의자, 말수가 적지만 화나면 단호함.
A3: Lucien Marchand (뤼시앵 마르샹) | B3: 72세, 엘렌의 아버지이자 창업자 | C3: 은퇴했지만 매일 아침 들러 참견함. 옛 속담과 레시피 노트의 주인. 고급 관용구 공급원.
A4: Julien Benali (줄리앙 브나리) | B4: 33세, 홀 매니저(maître d'hôtel) | C4: 유머러스하고 손님 응대의 달인. 손님 대응·협상 표현 담당. 5부에서 동업자가 됨.
A5: Chloé Dubois (클로에 뒤부아) | B5: 22세, 견습 서버(alternance) | C5: 1화에 첫 출근. 학습자 시점의 인물로 질문이 많아 설명 대사를 자연스럽게 끌어냄. 75화에서 신입을 맞이하는 쪽이 됨.
A6: Karim Haddad (카림 아다드) | B6: 27세, 부주방장 | C6: 재능 있고 야심 있음. 2부에서 이직했다가 4부에서 복귀.
A7: Mme Vasseur (바쇠르 부인) | B7: 조연 | C7: 70대 단골, 불평쟁이지만 가게를 가장 아낌
A8: M. Bastide (바스티드) | B8: 조연 | C8: 채소·고기 납품업자
A9: M. Delmas (델마) | B9: 조연 | C9: 건물주
A10: Victor Lambert (빅토르 랑베르) | B10: 조연 | C10: 맞은편에 새로 연 경쟁 식당 주인
A11: Mme Garnier (가르니에) | B11: 조연 | C11: 은행 여신 담당자
A12: Étienne Roux (에티엔 루) | B12: 조연 | C12: 미식 비평가
... A17: 핵심 소품 | B17: 소품 | C17: 돌아가신 어머니 Marthe(마르트)의 손글씨 레시피 노트와 칠판 메뉴판. 1화에서 칠판에 첫 글씨를 쓰고, 75화에서 클로에가 같은 칠판에 글씨를 씀 (수미상관).

Sheet 난이도 설계
A1: 부 | B1: 계절 | C1: 상황 | D1: 주 난이도 | E1: A2 | F1: B1 | G1: B2 | H1: C1 | I1: 합계
A2: 1부 Mise en place | B2: 봄 | C2: 평온 | D2: A2~B1 | E2: 0.45 | F2: 0.35 | G2: 0.15 | H2: 0.05 | I2: =SUM(E2:H2) -> 1
A3: 2부 Premières fissures | B3: 여름 | C3: 위기의 시작 | D3: B1~B2 | E3: 0.2 | F3: 0.4 | G3: 0.3 | H3: 0.1 | I3: =SUM(E3:H3) -> 1
A4: 3부 Au bord du gouffre | B4: 가을 | C4: 위기의 정점 | D4: B2~C1 | E4: 0.1 | F4: 0.25 | G4: 0.4 | H4: 0.25 | I4: =SUM(E4:H4) -> 1
A5: 4부 La reconstruction | B5: 늦가을~겨울 | C5: 재건 | D5: B2~C1 | E5: 0.05 | F5: 0.2 | G5: 0.4 | H5: 0.35 | I5: =SUM(E5:H5) -> 1
A6: 5부 Le Comptoir de Marthe | B6: 이듬해 봄~여름 | C6: 성공 뒤의 시험 | D6: B2~C1 | E6: 0.05 | F6: 0.15 | G6: 0.4 | H6: 0.4 | I6: =SUM(E6:H6) -> 1

Sheet 화별 개요
A1: 화 | B1: 제목 | C1: 부 | D1: 난이도 | E1: 사건 | F1: 학습 포인트 | G1: 턴 수 | H1: 작성 상태
A2: 1 | B2: Ouverture du mardi | C2: 1부 Mise en place (봄) | D2: A2~B1 | E2: 신입 클로에의 첫 출근, 칠판에 첫 메뉴를 씀. 직원 소개 | F2: 인사, être/avoir, 시간·요일, 직업 | G2: 120 | H2: 미작성
A3: 2 | B3: L'ardoise du jour | C3: 1부 Mise en place (봄) | D3: A2~B1 | E3: 오늘의 요리 설명 연습 | F3: 부분관사, 음식 어휘, 설명 문형 | G3: 120 | H3: 미작성
A4: 3 | B4: Une table pour deux | C4: 1부 Mise en place (봄) | D4: A2~B1 | E4: 예약 전화와 좌석 안내 | F4: 예약 표현, 인원·시각, 정중한 vous | G4: 120 | H4: 미작성
A5: 4 | B5: Prendre la commande | C5: 1부 Mise en place (봄) | D5: A2~B1 | E5: 첫 주문받기, 알레르기 확인 | F5: 주문 표현, 의문문 3형태, vouloir/pouvoir | G5: 120 | H5: 미작성
A6: 5 | B6: Entrée, plat, dessert | C6: 1부 Mise en place (봄) | D6: A2~B1 | E6: 점심 포뮬(formule) 단체 손님 | F6: 수량·선택, 숫자, 가격 | G6: 120 | H6: 미작성
A7: 6 | B7: Le steak trop cuit | C7: 1부 Mise en place (봄) | D7: A2~B1 | E7: 소소한 불만 1: 고기 익힘 정도 | F7: cuisson 어휘, 사과·해결 표현 | G7: 120 | H7: 미작성
A8: 7 | B8: Livraison du matin | C8: 1부 Mise en place (봄) | D8: A2~B1 | E8: 납품업자 바스티드와 재료 검수 | F8: 식재료, 무게·가격, 비교급 | G8: 120 | H8: 미작성
A9: 8 | B9: Le coup de feu | C9: 1부 Mise en place (봄) | D9: A2~B1 | E9: 점심 피크, 주방-홀 빠른 소통 | F9: 명령형, 단문 지시, 대명사 입문 | G9: 120 | H9: 미작성
A10: 9 | B10: L'addition, s'il vous plaît | C10: 1부 Mise en place (봄) | D10: A2~B1 | E10: 계산, 더치페이, 결제 오류, 팁 | F10: 결제 어휘, 숫자, 수동적 표현 | G10: 120 | H10: 미작성
A11: 10 | B11: Mme Vasseur et sa table | C11: 1부 Mise en place (봄) | D11: A2~B1 | E11: 단골 불평쟁이 응대 | F11: imparfait(습관), 완곡 거절 | G11: 120 | H11: 미작성
A12: 11 | B12: Un touriste perdu | C12: 1부 Mise en place (봄) | D12: A2~B1 | E12: 외국인 손님에게 메뉴 설명 | F12: 설명·대안 제시, 영어 혼용 대처 | G12: 120 | H12: 미작성
A13: 12 | B13: Anniversaire surprise | C13: 1부 Mise en place (봄) | D13: A2~B1 | E13: 깜짝 생일 케이크 이벤트 | F13: futur proche, 축하 표현 | G13: 120 | H13: 미작성
... A76: 75 | B76: Le Comptoir de Marthe | C76: 5부 Le Comptoir de Marthe (이듬해 봄·여름) | D76: B2~C1 | E76: 다시 시작되는 화요일 아침. 클로에가 신입을 맞이하고 칠판에 글씨를 씀 | F76: 1화 수미상관, 총정리 | G76: 120 | H76: 미작성

Sheet 문체 원칙
A1: 항목 | B1: 원칙
A2: 기본 문체 | B2: 일상 구어. 문어적 문형(접속법 반과거·대과거, 단순과거, 과도한 도치)은 쓰지 않는다
A3: 구어 특징 | B3: ne 생략(Je sais pas), on(= nous), tu/vous 구분, 축약(t'as, y a, j'sais), 생략문, 문장 끝 확인(hein, non ?, quoi)
A4: 담화표지 | B4: ben, bah, enfin, alors, du coup, en fait, bon, tiens, écoute 등을 자연스럽게 배치
A5: 어휘 층위 | B5: 손님 앞은 정중한 vous. 주방 안과 가족·동료 사이는 tu와 생생한 속어 (bouffe, boulot, galère, ras-le-bol, j'en ai marre)
A6: 거친 표현 | B6: 주방의 압박, 위기, 다툼 장면에서 merde, putain, bordel, chiant, con 정도까지 허용. 실제 프랑스 주방의 말투를 반영하되 모욕·차별·성적 표현은 제외. 손님과 외부인 앞에서는 쓰지 않음
A7: 감정 폭발 | B7: 3부(위기)와 42화(부녀 다툼)에서 욕설, 소리침, 말 끊기, 중얼거림 등 날것의 구어 리듬을 살림. 4~5부에서는 안도의 putain, enfin ! 같은 감탄으로 대비
A8: 학습 안전장치 | B8: 거친 표현은 [속어] 태그로 구분하고, 분석에서 쓸 수 있는 상황 / 쓰면 안 되는 상황을 한 줄로 명시 (예: 가까운 동료 사이는 가능, 손님·상사 앞은 금지)
A9: 격식이 필요한 장면 | B9: 은행, 법원, 검사관, 호텔 지배인 장면은 정중한 vous로 하되 문어가 아닌 정중한 구어. 공문과 청원서는 짧게 낭독하고 곧바로 구어로 반응
A10: 연설·독백 | B10: 은퇴 연설 등은 문장을 짧게 끊고 구어 리듬을 유지 (Alors voilà… 식)
A11: 분석 표기 | B11: 구어 표현에는 [구어] 태그를 붙이고, 같은 뜻의 정중한 표현을 옆에 비교 제시
A12: 문장 길이 | B12: 한 호흡 15단어 이내를 기본으로 하고, 긴 설명도 두세 덩어리로 나눈다

Sheet 부별 어휘 영역
A1: 부 | B1: 핵심 어휘 영역
A2: 1부 | B2: 메뉴·요리, 주문·계산, 예약, 식재료, 서비스 표현, 불만 응대, 가족·일상
A3: 2부 | B3: 가격·비용, 장비 고장, 평판·리뷰·SNS, 인력·노동, 매출 분석, 경쟁, 협상
A4: 3부 | B4: 금융·대출, 위생 규정, 행정·법률, 계약·인수, 감정·내면 서술, 청원·호소
A5: 4부 | B5: 회생 절차·채권자, 크라우드펀딩, 생산자 계약, 건축·공사, 제철 요리, 미식 비평·가이드
A6: 5부 | B6: 채용·인력, 호텔·케이터링, 확장·투자, 미디어, 병원·의료, 지분·동업, 축사·인사말
